question,answer,source,topic,is_generated
Какие документы нужно предоставить при подаче заявления в МИРЭА?,"Для подачи заявления в университет нужно представить паспорт или другой документ, подтверждающий личность и гражданство, документ об образовании (можно один или несколько, при иностранном документе необходима справка о признании), документ о регистрации в системе индивидуального учёта при наличии, заявление на обработку персональных данных, а при необходимости документы, подтверждающие инвалидность или особые права, а также документы об индивидуальных достижениях.",https://www.mirea.ru/upload/iblock/191/449k7mij75gmvxgqaekm564yid6ruea9/Pravila_priyema_na_obuchenie_na_2025_2026_uchebnyy_god.pdf,Поступление,TRUE
Нужно ли сразу предоставлять документ об образовании при подаче заявления?,"Документ об образовании можно предоставить не позднее дня завершения приёма документов; при подаче заявления его можно не приносить сразу, но он требуется до окончания установленного срока.",https://www.mirea.ru/upload/iblock/191/449k7mij75gmvxgqaekm564yid6ruea9/Pravila_priyema_na_obuchenie_na_2025_2026_uchebnyy_god.pdf,Поступление,TRUE
"Что делать, если у меня иностранный документ об образовании?","Иностранный документ об образовании принимается вместе со свидетельством о признании иностранного образования, если такое признание требуется. Свидетельство нужно предоставить не позднее срока подачи согласия на зачисление.",https://www.mirea.ru/upload/iblock/191/449k7mij75gmvxgqaekm564yid6ruea9/Pravila_priyema_na_obuchenie_na_2025_2026_uchebnyy_god.pdf,Поступление,TRUE
Нужно ли предоставлять документ о регистрации в системе индивидуального учёта?,"Если у вас есть документ, подтверждающий регистрацию в системе индивидуального (персонифицированного) учёта, он подаётся вместе с заявлением о приёме; при его отсутствии этот пункт не требуется.",https://www.mirea.ru/upload/iblock/191/449k7mij75gmvxgqaekm564yid6ruea9/Pravila_priyema_na_obuchenie_na_2025_2026_uchebnyy_god.pdf,Поступление,TRUE
Что такое согласие на обработку персональных данных и когда его предоставлять?,"Согласие на обработку персональных данных — это заявление, в котором абитуриент разрешает использовать свои личные сведения. Его нужно предоставить одновременно с заявлением о приёме.",https://www.mirea.ru/upload/iblock/191/449k7mij75gmvxgqaekm564yid6ruea9/Pravila_priyema_na_obuchenie_na_2025_2026_uchebnyy_god.pdf,Поступление,TRUE
Какие документы нужны для поступающих с инвалидностью?,"Поступающим с инвалидностью нужно предоставить документ, подтверждающий инвалидность, чтобы университет мог организовать внутренние вступительные испытания с учётом особых условий. Этот документ можно подать вместе с заявлением или позднее, но не позднее срока завершения приёма документов без вступительных испытаний.",https://www.mirea.ru/upload/iblock/191/449k7mij75gmvxgqaekm564yid6ruea9/Pravila_priyema_na_obuchenie_na_2025_2026_uchebnyy_god.pdf,Льготы и квоты,TRUE
Можно ли использовать результаты централизованного тестирования или экзамена (Беларусь) при поступлении?,"Если вы сдавали централизованное тестирование или экзамен в Беларуси, вы можете использовать его результаты вместо ЕГЭ. Для этого нужно предоставить документ, подтверждающий прохождение тестирования, не позднее дня завершения приёма документов без внутренних испытаний.",https://stavropol.mirea.ru/images/doki/Perechen_vstupitelnykh_ispytaniy_2025_2026.pdf,Поступление,TRUE
Какие документы подтверждают наличие особых прав при поступлении?,"Если абитуриент претендует на особые права (льготы) при поступлении, он должен предоставить документ, подтверждающий статус, дающий право на льготу. Этот документ нужно предоставить не позднее завершения приёма документов без вступительных испытаний, чтобы воспользоваться соответствующими правами.",https://www.mirea.ru/upload/iblock/191/449k7mij75gmvxgqaekm564yid6ruea9/Pravila_priyema_na_obuchenie_na_2025_2026_uchebnyy_god.pdf,Льготы и квоты,TRUE
"Нужно ли предоставлять документы, подтверждающие индивидуальные достижения?","Документы, подтверждающие индивидуальные достижения (например, победы в олимпиадах), подаются по желанию абитуриента. Их нужно представить не позднее дня завершения приёма документов, чтобы получить дополнительные баллы.",https://www.mirea.ru/upload/iblock/191/449k7mij75gmvxgqaekm564yid6ruea9/Pravila_priyema_na_obuchenie_na_2025_2026_uchebnyy_god.pdf,Поступление,TRUE
Как подать заявление на предоставление места в общежитии РТУ МИРЭА?,Заявление на предоставление места в студенческом общежитии подаётся поступающим вместе с комплектом документов для поступления на первый курс. Заявление оформляется в электронном виде и направляется в приёмную комиссию до окончания сроков приёма документов.,https://www.mirea.ru/upload/iblock/866/f4ygjcxtsal629tcumt0w29ctz01l20u/Prikaz-ob-izm.-v-poryadok-predostavleniya-mest-v-obshchezhitiyakh.pdf,Общежитие,TRUE
Кто рассматривает заявления о предоставлении мест в общежитиях?,"Заявления поступающих и обучающихся рассматривает комиссия по распределению мест, в которую входят представители администрации университета, студенческого союза и профсоюзной организации. Комиссию возглавляет курирующий проректор.",https://www.mirea.ru/upload/866/f4ygjcxtsal629tcumt0w29ctz01l20u/Prikaz-ob-izm.-v-poryadok-predostavleniya-mest-v-obshchezhitiyakh.pdf,Общежитие,TRUE
"Когда нужно подать заявление на общежитие, если я поступаю в МИРЭА?","Поступающие на очную форму обучения подают заявление на предоставление места в общежитии одновременно с комплектом документов для поступления и не позднее сроков приёма документов, установленных приёмной комиссией.",https://www.mirea.ru/upload/866/f4ygjcxtsal629tcumt0w29ctz01l20u/Prikaz-ob-izm.-v-poryadok-predostavleniya-mest-v-obshchezhitiyakh.pdf,Общежитие,TRUE
"Что произойдёт, если студент не явится для оформления проживания в общежитии?","Если студент не приходит для оформления документов на проживание до 30 сентября без уважительной причины, он теряет предоставленное место, исключается из приказа о заселении и может заново встать в очередь через личный кабинет студента.",https://www.mirea.ru/upload/866/f4ygjcxtsal629tcumt0w29ctz01l20u/Prikaz-ob-izm.-v-poryadok-predostavleniya-mest-v-obshchezhitiyakh.pdf,Общежитие,TRUE
Как уведомляют студентов о предоставлении места в общежитии?,После положительного решения комиссии уведомление о предоставлении места направляется студенту в личный кабинет студента и на электронную почту. После получения уведомления студент должен в течение пяти рабочих дней обратиться в Управление по воспитательной и социальной работе или сообщить о невозможности явиться по уважительной причине.,https://www.mirea.ru/upload/866/f4ygjcxtsal629tcumt0w29ctz01l20u/Prikaz-ob-izm.-v-poryadok-predostavleniya-mest-v-obshchezhitiyakh.pdf,Общежитие,TRUE
"Что произойдет, если студент не явится в общежитие после выхода приказа о заселении?","Если студент не появляется для оформления проживания в течение 30 дней после выхода приказа о заселении без уважительной причины, предоставленное место аннулируется, студент исключается из приказа и остаётся в очереди на место.",https://www.mirea.ru/upload/866/f4ygjcxtsal629tcumt0w29ctz01l20u/Prikaz-ob-izm.-v-poryadok-predostavleniya-mest-v-obshchezhitiyakh.pdf,Общежитие,TRUE
Кому не предоставляются места в общежитии?,"Комиссия не рассматривает заявления от лиц, зарегистрированных в Москве и в Московской области ближе автодороги А?108 (Московское большое кольцо), за исключением поступающих на программы Передовой инженерной школы.",https://www.mirea.ru/upload/866/f4ygjcxtsal629tcumt0w29ctz01l20u/Prikaz-ob-izm.-v-poryadok-predostavleniya-mest-v-obshchezhitiyakh.pdf,Общежитие,TRUE
Сколько раз можно отказаться от предоставленного места в общежитии?,"Если студент дважды отказался от предложенного места или не явился для оформления проживания, его заявление переводится в архив, и он исключается из очереди на общежитие.",https://www.mirea.ru/upload/866/f4ygjcxtsal629tcumt0w29ctz01l20u/Prikaz-ob-izm.-v-poryadok-predostavleniya-mest-v-obshchezhitiyakh.pdf,Общежитие,TRUE
Кто заключает договор на оказание платных образовательных услуг?,"Договор на оказание платных образовательных услуг заключается между университетом и лицом, зачисляемым на обучение. В договоре также может участвовать физическое лицо, которое оплачивает обучение (например, родители), либо юридическое лицо, направляющее и оплачивающее обучение.",https://www.mirea.ru/upload/iblock/60b/hptc2muf8t6844s9ao8mcfx7znt0htju/PRAVILA_okazaniya_platnykh_uslug_22_23_1_.pdf,Оплата и бюджет/платка,TRUE
Что означает договорная основа обучения?,"Договорная основа означает, что обучение осуществляется на основании письменного договора, предусматривающего оплату стоимости обучения физическими или юридическими лицами. Такой договор подтверждает добровольное оказание платных образовательных услуг.",https://www.mirea.ru/upload/iblock/60b/hptc2muf8t6844s9ao8mcfx7znt0htju/PRAVILA_okazaniya_platnykh_uslug_22_23_1_.pdf,Оплата и бюджет/платка,TRUE
Какие программы реализуются на платной договорной основе в МИРЭА?,"На договорной основе могут реализовываться основные профессиональные образовательные программы высшего образования (бакалавриат, специалитет, магистратура, аспирантура), программы среднего профессионального образования и дополнительные образовательные программы, включая дополнительное образование детей и взрослых.",https://www.mirea.ru/upload/iblock/60b/hptc2muf8t6844s9ao8mcfx7znt0htju/PRAVILA_okazaniya_platnykh_uslug_22_23_1_.pdf,Оплата и бюджет/платка,TRUE
Обязательны ли платные образовательные услуги для студентов?,"Платные образовательные услуги оказываются только на добровольных условиях: факт их оказания подтверждается договором и заявлением обучающегося, а также оплатой стоимости услуг, указанной в договоре.",https://www.mirea.ru/upload/iblock/60b/hptc2muf8t6844s9ao8mcfx7znt0htju/PRAVILA_okazaniya_platnykh_uslug_22_23_1_.pdf,Оплата и бюджет/платка,TRUE
Кто определяет стоимость платного обучения в МИРЭА?,"Университет самостоятельно устанавливает стоимость, формы и условия подготовки обучающихся, разрабатывает типовые формы документов и заключает договоры на оказание платных образовательных услуг.",https://www.mirea.ru/upload/iblock/60b/hptc2muf8t6844s9ao8mcfx7znt0htju/PRAVILA_okazaniya_platnykh_uslug_22_23_1_.pdf,Оплата и бюджет/платка,TRUE
Что такое целевое обучение?,"Целевое обучение — это форма обучения, при которой абитуриент после зачисления заключает договор со своим будущим работодателем. По договору студент обучается бесплатно, получает стипендию и может пользоваться дополнительными мерами поддержки, такими как компенсация проезда или предоставление жилья.",https://www.mirea.ru/news/minobrnauki-rossii-razyasnil-podrobnosti-postupleniya-na-tselevoe-obuchenie/,Льготы и квоты,TRUE
Какие преимущества даёт целевое обучение?,"Студент получает специальность, востребованную работодателем, заранее знает место и условия будущей работы, представляет уровень будущей зарплаты и уверен в трудоустройстве после выпуска.",https://www.mirea.ru/news/minobrnauki-rossii-razyasnil-podrobnosti-postupleniya-na-tselevoe-obuchenie/,Льготы и квоты,TRUE
Как поступить на место в рамках целевой квоты?,"Чтобы поступить по целевой квоте, нужно найти подходящую вакансию на платформе «Работа в России» или при подаче заявления через Госуслуги, подать заявление на целевую квоту в вуз (лично, по почте или через электронную систему). По целевой квоте можно выбрать только одну образовательную программу.",https://www.mirea.ru/news/minobrnauki-rossii-razyasnil-podrobnosti-postupleniya-na-tselevoe-obuchenie/,Льготы и квоты,TRUE
Что нужно делать после подачи документов на целевую квоту?,"После подачи документов нужно следить за результатами отбора через личный кабинет на портале Госуслуги или на официальном сайте вуза, а после выхода приказа о зачислении заключить договор с заказчиком целевого обучения до начала учебного года.",https://www.mirea.ru/news/minobrnauki-rossii-razyasnil-podrobnosti-postupleniya-na-tselevoe-obuchenie/,Льготы и квоты,TRUE
Каковы сроки подачи заявлений на целевое обучение?,"Для бакалавриата, специалитета и базового высшего образования документы на целевое обучение принимаются с 20 июня по 25 июля; для магистратуры — с 20 июня по 20 августа; для аспирантуры — с 20 июня до даты, установленной вузом.",https://www.mirea.ru/news/minobrnauki-rossii-razyasnil-podrobnosti-postupleniya-na-tselevoe-obuchenie/,Льготы и квоты,TRUE
Какими документами регулируется пребывание иностранных студентов в МИРЭА?,"Пребывание иностранных граждан, обучающихся в университете, регулируют федеральные законы Российской Федерации и правила миграционного учёта. Университет публикует локальный акт «Правила пребывания и порядок постановки на миграционный учет иностранных граждан, обучающихся в РТУ МИРЭА».",https://www.mirea.ru/upload/07c/r7xfrm863vwshmvvqeisqze0qqj06kqv/Pravila_prebyvaniya_i_migratsionnogo_uchyeta_2023.pdf,Иностранные абитуриенты,TRUE
На кого распространяются правила пребывания и миграционного учёта?,"Правила распространяются на иностранных студентов, аспирантов, слушателей и других обучающихся университета, не имеющих гражданства Российской Федерации, а также лиц без гражданства и прикреплённых к университету для научных стажировок.",https://www.mirea.ru/upload/07c/r7xfrm863vwshmvvqeisqze0qqj06kqv/Pravila_prebyvaniya_i_migratsionnogo_uchyeta_2023.pdf,Иностранные абитуриенты,TRUE
Как иностранные студенты узнают правила пребывания в России?,При оформлении личного дела каждый иностранный студент проходит инструктаж по правилам пребывания и порядку миграционного учёта. Лист ознакомления с правилами подшивается в личное дело иностранного гражданина.,https://www.mirea.ru/upload/07c/r7xfrm863vwshmvvqeisqze0qqj06kqv/Pravila_prebyvaniya_i_migratsionnogo_uchyeta_2023.pdf,Иностранные абитуриенты,TRUE
Когда иностранный студент должен предоставить документы для миграционного учёта?,"Иностранный студент, прибывший в Россию по приглашению университета, обязан в течение одного рабочего дня после прибытия (или первого рабочего дня после выходного) представить в Управление международных связей заграничный паспорт, визу и миграционную карту.",https://www.mirea.ru/upload/07c/r7xfrm863vwshmvvqeisqze0qqj06kqv/Pravila_prebyvaniya_i_migratsionnogo_uchyeta_2023.pdf,Иностранные абитуриенты,TRUE
Каковы основные обязанности иностранного студента по миграционному учёту?,"Иностранный студент должен в срок предоставить документы для постановки на миграционный учёт, соблюдать правила пребывания в России и своевременно информировать университет о продлении визы и изменении документов. Несоблюдение требований может привести к ответственности согласно законодательству.",https://www.mirea.ru/upload/07c/r7xfrm863vwshmvvqeisqze0qqj06kqv/Pravila_prebyvaniya_i_migratsionnogo_uchyeta_2023.pdf,Иностранные абитуриенты,TRUE
Какой уровень образования должен быть у абитуриента для поступления на программы бакалавриата и специалитета?,"Для поступления на программы бакалавриата или специалитета абитуриент должен иметь среднее общее, среднее профессиональное или высшее образование, подтверждённое соответствующим документом об образовании.",https://www.mirea.ru/upload/191/449k7mij75gmvxgqaekm564yid6ruea9/Pravila_priyema_na_obuchenie_na_2025_2026_uchebnyy_god.pdf,Поступление,TRUE
Какое образование необходимо для поступления в магистратуру МИРЭА?,"Для поступления на программы магистратуры абитуриент должен иметь высшее образование, подтверждённое дипломом бакалавра, специалиста или магистра.",https://www.mirea.ru/upload/191/449k7mij75gmvxgqaekm564yid6ruea9/Pravila_priyema_na_obuchenie_na_2025_2026_uchebnyy_god.pdf,Поступление,TRUE
Сколько вузов можно указать в заявлениях на приём?,"При поступлении на программы бакалавриата и специалитета абитуриент подтверждает, что подал заявления не более чем в пять организаций высшего образования и не более чем по пяти направлениям подготовки в РТУ МИРЭА.",https://www.mirea.ru/upload/191/449k7mij75gmvxgqaekm564yid6ruea9/Pravila_priyema_na_obuchenie_na_2025_2026_uchebnyy_god.pdf,Поступление,TRUE
Что указывается в заявлении о приёме помимо выбранных направлений?,"В заявлении о приёме абитуриент указывает конкурсные группы, по которым хочет быть зачисленным, приоритеты зачисления по различным условиям поступления и подтверждает достоверность сведений и ознакомление с правилами.",https://www.mirea.ru/upload/191/449k7mij75gmvxgqaekm564yid6ruea9/Pravila_priyema_na_obuchenie_na_2025_2026_uchebnyy_god.pdf,Поступление,TRUE
Как указать необходимость специальных условий при сдаче вступительных испытаний?,"В заявлении о приёме абитуриент должен отметить необходимость создания специальных условий при проведении внутренних вступительных испытаний в связи с инвалидностью или ограниченными возможностями здоровья, чтобы университет смог организовать соответствующие условия.",https://www.mirea.ru/upload/191/449k7mij75gmvxgqaekm564yid6ruea9/Pravila_priyema_na_obuchenie_na_2025_2026_uchebnyy_god.pdf,Льготы и квоты,TRUE
Можно ли подать заявление по целевой квоте на несколько программ?,При поступлении на места в пределах целевой квоты абитуриент может выбрать только одну образовательную программу; подача заявлений на несколько программ по целевой квоте не допускается.,https://www.mirea.ru/news/minobrnauki-rossii-razyasnil-podrobnosti-postupleniya-na-tselevoe-obuchenie/,Льготы и квоты,TRUE
Где найти вакансии для целевого обучения?,Подходящую вакансию для целевого обучения можно найти на сайте платформы «Работа в России» или при подаче заявления на поступление через портал Госуслуги.,https://www.mirea.ru/news/minobrnauki-rossii-razyasnil-podrobnosti-postupleniya-na-tselevoe-obuchenie/,Льготы и квоты,TRUE
Когда нужно заключить целевой договор с заказчиком?,"Заключить целевой договор с заказчиком обучения необходимо после опубликования приказа о зачислении и до начала учебного года, чтобы закрепить обязательства сторон.",https://www.mirea.ru/news/minobrnauki-rossii-razyasnil-podrobnosti-postupleniya-na-tselevoe-obuchenie/,Льготы и квоты,TRUE
Какие формы проведения вступительных испытаний предусмотрены для бакалавриата и специалитета?,"Вступительные испытания, проводимые университетом самостоятельно, могут проходить очно или с использованием дистанционных технологий. Информация о форме проведения публикуется в расписании на официальном сайте приёмной комиссии.",https://stavropol.mirea.ru/images/doki/Perechen_vstupitelnykh_ispytaniy_2025_2026.pdf,Поступление,TRUE
Могут ли абитуриенты из Беларуси использовать результаты централизованного тестирования при поступлении?,"Граждане Республики Беларусь вправе использовать результаты централизованного тестирования или централизованного экзамена вместо ЕГЭ. Результаты ЦТ(Э) признаются вузом, если предоставлены не позднее окончания приёма документов, и баллы засчитываются так же, как баллы ЕГЭ.",https://stavropol.mirea.ru/images/doki/Perechen_vstupitelnykh_ispytaniy_2025_2026.pdf,Иностранные абитуриенты,TRUE
Где узнать расписание вступительных испытаний МИРЭА?,Расписание вступительных испытаний публикуется на официальном сайте приёмной комиссии https://priem.mirea.ru. В расписании указывается способ проведения (очная форма или дистанционная).,https://stavropol.mirea.ru/images/doki/Perechen_vstupitelnykh_ispytaniy_2025_2026.pdf,Поступление,TRUE
"На каком языке проводятся вступительные испытания, проводимые университетом самостоятельно?","Вступительные испытания, проводимые университетом самостоятельно, проходят на русском языке, за исключением испытания по иностранному языку, которое проводится на английском.",https://stavropol.mirea.ru/images/doki/Perechen_vstupitelnykh_ispytaniy_2025_2026.pdf,Поступление,TRUE
Почему выпускнику выгодно заключать целевой договор?,"Целевой договор обеспечивает понимание, где и кем студент будет работать после выпуска, предоставляет гарантии трудоустройства и позволяет заранее узнать размер будущей заработной платы.",https://www.mirea.ru/news/minobrnauki-rossii-razyasnil-podrobnosti-postupleniya-na-tselevoe-obuchenie/,Льготы и квоты,TRUE
Какой первый шаг для поступления на целевое обучение?,"Первый шаг — найти подходящую вакансию на портале «Работа в России» или при подаче заявления на поступление в вуз через Госуслуги, чтобы выбрать работодателя, готового заключить целевой договор.",https://www.mirea.ru/news/minobrnauki-rossii-razyasnil-podrobnosti-postupleniya-na-tselevoe-obuchenie/,Льготы и квоты,TRUE
Что нужно сделать после выбора вакансии для целевого обучения?,"После выбора вакансии нужно подать заявление на целевое обучение через Госуслуги или непосредственно в университет (лично, по почте или через информационную систему), указав выбранную программу и заказчика.",https://www.mirea.ru/news/minobrnauki-rossii-razyasnil-podrobnosti-postupleniya-na-tselevoe-obuchenie/,Льготы и квоты,TRUE
Что нужно делать после подачи заявления на целевую квоту?,"После подачи заявления следует отслеживать результаты отбора через личный кабинет на Госуслугах или на официальном сайте вуза, чтобы узнать о решении комиссии.",https://www.mirea.ru/news/minobrnauki-rossii-razyasnil-podrobnosti-postupleniya-na-tselevoe-obuchenie/,Льготы и квоты,TRUE
Каков завершающий этап поступления по целевому обучению?,Финальный шаг — заключить целевой договор с заказчиком целевого обучения после опубликования приказа о зачислении и сделать это до начала учебного года.,https://www.mirea.ru/news/minobrnauki-rossii-razyasnil-podrobnosti-postupleniya-na-tselevoe-obuchenie/,Льготы и квоты,TRUE
Может ли юридическое лицо оплатить обучение студента в МИРЭА?,"Да. Договор на оказание платных образовательных услуг может быть заключён между университетом и юридическим лицом, которое оплачивает обучение лица, направляемого на учёбу.",https://www.mirea.ru/upload/iblock/60b/hptc2muf8t6844s9ao8mcfx7znt0htju/PRAVILA_okazaniya_platnykh_uslug_22_23_1_.pdf,Оплата и бюджет/платка,TRUE
Как используются доходы от платных образовательных услуг?,"Доходы от оказания платных образовательных услуг расходуются университетом в соответствии с уставными целями, что позволяет направлять средства на развитие образовательной деятельности.",https://www.mirea.ru/upload/iblock/60b/hptc2muf8t6844s9ao8mcfx7znt0htju/PRAVILA_okazaniya_platnykh_uslug_22_23_1_.pdf,Оплата и бюджет/платка,TRUE
"Какие шаги нужно выполнить для поступления по целевому обучению на бакалавриат, специалитет, магистратуру и аспирантуру?","Для участия в целевом обучении необходимо подать заявление на поступление через портал Госуслуг, отметить что вы рассматриваете целевой прием, изучить предложения заказчиков и выбрать подходящие, указать конкурс по целевой квоте и подать документы. Заявление и документы принимаются с 20 июня до 25 июля для бакалавриата и специалитета, до 20 августа для магистратуры и с 20 июня для аспирантуры. После подачи нужно следить за конкурсным списком, вовремя дать согласие на зачисление (до 1 августа для бакалавриата/специалитета и до 24 августа для магистратуры) и заключить договор с заказчиком до начала учебного года.",,Льготы и квоты,TRUE
Когда принимают заявления на целевое обучение по программам бакалавриата и специалитета?,"Заявления на участие в целевом обучении для бакалавриата, специалитета и базового высшего образования принимают с 20 июня по 25 июля. Вуз может установить более ранний срок завершения приема, который публикуется на его официальном сайте.",,Льготы и квоты,TRUE
До какого срока можно подать согласие на зачисление по целевой квоте на бакалавриат и специалитет?,"Для программ бакалавриата, специалитета и базового высшего образования согласие на зачисление по целевой квоте нужно подать не позднее 12:00 по московскому времени 1 августа.",,Льготы и квоты,TRUE
Как выбрать конкурс по целевой квоте при подаче заявления?,"В заявлении на поступление можно выбрать только один конкурс по целевой квоте, причём он должен совпадать с одним из предложений выбранных заказчиков. Конкурс указывается в разделе о целевом приеме при заполнении заявления.",,Льготы и квоты,TRUE
Можно ли подать заявку на целевое обучение в приемную комиссию вуза?,"Да. Если вы подаете заявление о приеме на обучение в бумажном виде через приемную комиссию вуза, к нему можно приложить отдельную заявку на целевое обучение. В этом случае предложения заказчиков необходимо самостоятельно изучить на платформе «Работа в России».",,Льготы и квоты,TRUE
Как подать документы на целевое обучение для программ ординатуры?,"Поступающим в ординатуру необходимо изучить предложения о целевом обучении на платформе «Работа в России», затем подать в приемную комиссию вуза заявку на целевое обучение и заявление о приеме на обучение. Заявка и заявление должны быть поданы на один и тот же конкурс и в сроки, установленные вузом.",,Льготы и квоты,TRUE
Что следует сделать после прохождения конкурсного отбора на целевое обучение?,"Если вы прошли конкурсный отбор, необходимо представить оригинал документа об образовании в приемную комиссию, дождаться приказа о зачислении и затем заключить договор о целевом обучении с заказчиком до начала учебного года.",,Льготы и квоты,TRUE
Где можно получить консультацию по вопросам целевого обучения?,Для консультаций по вопросам целевого приема можно обратиться на горячую линию Единого контакт?центра «Прием в вуз» по телефону 8?800?301?44?55 или в Министерство науки и высшего образования России по телефонам 8?800?222?55?71 и 8?800?100?20?17.,,Льготы и квоты,TRUE
Где находится приемная комиссия МИРЭА?,"Приемная комиссия МИРЭА находится в Москве по адресу: проспект Вернадского, 86, корпус 2, рядом со станцией метро «Юго?Западная».",,Поступление,TRUE
Как позвонить в приемную комиссию МИРЭА?,Для получения справок по вопросам приема можно позвонить по телефонам +7 499 322?20?30 или +7 499 719?18?17.,,Поступление,TRUE
В какое время работает приемная комиссия МИРЭА?,Приемная комиссия работает с понедельника по пятницу с 10:00 до 17:00 и по субботам с 10:00 до 15:00.,,Поступление,TRUE
Какой адрес электронной почты у приемной комиссии МИРЭА?,"Электронная почта приемной комиссии – pk@mirea.ru, вы можете задать вопросы о поступлении через этот адрес.",,Поступление,TRUE
Что такое Детский технопарк «Альтаир» при МИРЭА?,"Детский технопарк «Альтаир» – это уникальный проект Российского технологического университета МИРЭА, созданный при поддержке Правительства Москвы. На его площадке школьники участвуют в программах профориентации, знакомятся с высокотехнологичным оборудованием и осваивают программы дополнительного образования, разработанные сотрудниками университета вместе с индустриальными партнёрами.",,Другое,TRUE
Каковы цели детского технопарка «Альтаир»?,"Основные цели технопарка – ранняя профориентация школьников в инженерно?технических специальностях, предоставление дополнительных возможностей обучения мотивированным абитуриентам и создание условий для знакомства школьников с потенциальными работодателями и презентации своих проектов.",,Другое,TRUE
Какие преимущества предлагает детский технопарк «Альтаир» РТУ МИРЭА?,"Среди преимуществ технопарка – уникальные направления и программы, разработанные совместно с индустриальными партнёрами, бесплатное участие во всех программах для всех желающих (особенно для учащихся 8–11 классов) и модель обучения, при которой школьник решает реальные задачи и демонстрирует результаты потенциальному работодателю.",,Другое,TRUE
Где расположен детский технопарк «Альтаир» и какая у него инфраструктура?,"Технопарк расположен на территории МИРЭА в отдельном здании площадью более 3,5 тысяч квадратных метров. Лаборатории оснащены современным и дорогостоящим оборудованием, часть которого разработана специально для технопарка или представлена в России в единичных экземплярах. Всё оборудование безопасно и предназначено для обучения школьников.",,Другое,TRUE
Какие индустриальные партнёры участвуют в работе детского технопарка «Альтаир»?,"Технопарк сотрудничает с крупными компаниями, среди которых Samsung, Яндекс, VK, Ростелеком?Солар, Росэлектроника, National Instruments, Аскон, Эремекс, Generium, КРОК, «Группа Астра», Ростех, фирма «1С», Wildberries & Russ и другие.",,Другое,TRUE
Какие виды занятий доступны в детском технопарке «Альтаир»?,"Учащимся предлагаются научно?популярные лекции и мастер?классы от индустриальных партнёров, экскурсии на предприятия, а также программы, разработанные совместно с компаниями. Эти мероприятия позволяют получить практический опыт и познакомиться с будущими профессиями.",,Другое,TRUE
Чем отличаются долгосрочные образовательные программы в технопарке «Альтаир»?,"Долгосрочные программы (от 36 академических часов) рассчитаны на мотивированных школьников. Они позволяют освоить программы повышенного уровня сложности, получить собственный проект или исследование, сдать квалификационный экзамен с получением сертификата от партнёров и могут дать преимущества при отборе на программы целевой подготовки.",,Другое,TRUE
Что дают краткосрочные программы технопарка «Альтаир»?,"Краткосрочные программы включают лекции, мастер?классы и экскурсии. Они помогают познакомиться с технопарком, получить новые знания в течение всего года и выявить интересы школьников без предварительного отбора.",,Другое,TRUE
Каких результатов достигают учащиеся технопарка «Альтаир»?,"Учащиеся демонстрируют высокие результаты: за первый год более 500 выпускников вышли в финалы всероссийских и городских проектных конференций и конкурсов, около 150 из них заняли призовые места, а некоторые вошли в сборную России и представляли проекты на международных соревнованиях.",,Другое,TRUE
Где находится общежитие №1 МИРЭА и сколько там мест?,"Общежитие №1 расположено по адресу: проспект Вернадского, 86, корпус 1. Это 14?этажное панельное здание площадью 8359,6 м?, рассчитанное на 1 398 мест.",https://www.mirea.ru/about/hostel/,Общежитие,TRUE
Какой тип комнат в общежитии №1 и какие удобства предоставлены?,"Общежитие №1 имеет блочную планировку с отдельным санузлом и душевой в каждом блоке, кухни расположены на этаже. В комнатах установлены мебель и необходимое постельное бельё, действует система видеонаблюдения и пожарной сигнализации.",https://www.mirea.ru/about/hostel/,Общежитие,TRUE
Какие дополнительные помещения и услуги есть в общежитии №1?,"В общежитии №1 для проживающих предусмотрены комнаты для самостоятельных занятий, велосипедная парковка, библиотека, зал для танцев, доступ в интернет, прачечная и столы для тенниса.",https://www.mirea.ru/about/hostel/,Общежитие,TRUE
Где находится общежитие №2 МИРЭА и какая его вместимость?,"Общежитие №2 расположено на Мичуринском проспекте, 12, корпус 2. Пятиэтажное смешанного типа здание площадью 2374,3 м? рассчитано на 280 мест.",https://www.mirea.ru/about/hostel/,Общежитие,TRUE
Как организованы бытовые условия в общежитии №2?,"В общежитии №2 комнаты расположены как квартиры с собственной кухней, санузлом и душем. В здании имеется видеонаблюдение и пожарная сигнализация, в комнатах установлена мебель и постельные принадлежности. Дополнительно предоставлены кладовая, прачечная, гладильная комната и доступ в интернет.",https://www.mirea.ru/about/hostel/,Общежитие,TRUE
Где находится общежитие №3 МИРЭА и сколько в нём мест?,"Общежитие №3 находится по адресу: улица Студенческая, 33, корпус 3. Это шестиэтажное здание площадью 2 642 м?, рассчитанное на 333 места.",https://www.mirea.ru/about/hostel/,Общежитие,TRUE
Каковы особенности проживания в общежитии №3?,"Общежитие №3 имеет коридорный тип: кухни и санузлы расположены на этажах, а душевые – на первом этаже. Комнаты оборудованы мебелью и постельным бельём, действует система видеонаблюдения и пожарная сигнализация. Для студентов есть зал для самостоятельных занятий, интернет, прачечная и теннисные столы, а также доступ в спортзал общежития №4.",https://www.mirea.ru/about/hostel/,Общежитие,TRUE
Где находится общежитие №4 и какая его вместимость?,"Общежитие №4 расположено на улице Студенческой, 33, корпус 4. Шестиэтажное здание площадью 2524,3 м? рассчитано на 310 мест.",https://www.mirea.ru/about/hostel/,Общежитие,TRUE
Что предлагает общежитие №4 студентам МИРЭА?,"Общежитие №4 имеет коридорную планировку с общими кухнями. В комнатах есть мебель и постельное бельё. Студенты могут пользоваться комнатой для самостоятельных занятий, интернетом, спортивным залом, комнатой отдыха и теннисными столами, а стиральной машиной – в общежитии №3.",https://www.mirea.ru/about/hostel/,Общежитие,TRUE
По какому адресу находится общежитие №5 МИРЭА и каково количество мест?,"Общежитие №5 находится по адресу: 11?я Парковая улица, 36. Это 13?этажное здание площадью 6 433,1 м?, рассчитанное на 1 090 мест.",https://www.mirea.ru/about/hostel/,Общежитие,TRUE
Как организован быт в общежитии №5?,"Общежитие №5 построено по блочной схеме, в каждом блоке две комнаты и санузел. На этаже две кухни с профессиональным оборудованием, действует система контроля доступа и безопасности. В комнатах есть мебель и постельное бельё. Также доступны столовая, зал для учёбы и отдыха, кладовая, прачечная, тренажёрный зал, интернет, велосипедная парковка, сушильная комната, библиотека, комната психологической помощи, кинотеатр и фотостудия.",https://www.mirea.ru/about/hostel/,Общежитие,TRUE
Где расположено общежитие №6 МИРЭА и на сколько мест рассчитано?,"Общежитие №6 расположено на улице Нарвская, 12. Девятиэтажное здание площадью 2 220,5 м? рассчитано на 350 мест.",https://www.mirea.ru/about/hostel/,Общежитие,TRUE
Какие условия проживания в общежитии №6?,"Общежитие №6 имеет коридорную планировку: кухни и санитарные помещения находятся в крыльях. В комнатах есть мебель и постельное бельё. Для студентов предусмотрены холл с диванами и телевизором, библиотека с book?crossing, зал для занятий, прачечная, гладильная и кладовая. Общежитие расположено в зелёной зоне с прудами, а здание оснащено системой пропусков, видеонаблюдением и пожарной сигнализацией.",https://www.mirea.ru/about/hostel/,Общежитие,TRUE
Как подать заявление на получение места в общежитии для абитуриентов?,Поступающие подают заявление на общежитие в электронном виде через приёмную комиссию одновременно с подачей документов на поступление. Заявление необходимо отправить до окончания срока приёма документов.,www.mirea.ru/upload/iblock/866/f4ygjcxtsal629tcumt0w29ctz01l20u/Prikaz-ob-izm.-v-poryadok-predostavleniya-mest-v-obshchezhitiyakh.pdf,Общежитие,TRUE
"Что происходит, если абитуриент не приехал для заселения в общежитие?","Если поступающий или студент не прибыл для заселения до 30 сентября, он теряет право на предоставленное место. Студенты из списка ожидания, приглашённые к заселению, должны прибыть в течение пяти рабочих дней, иначе место будет предоставлено другому, а через 30 дней заявка исключается из списка.",www.mirea.ru/upload/iblock/866/f4ygjcxtsal629tcumt0w29ctz01l20u/Prikaz-ob-izm.-v-poryadok-predostavleniya-mest-v-obshchezhitiyakh.pdf,Общежитие,TRUE
Кто имеет первоочередное право на места в общежитии МИРЭА?,"Первоочередное право на места имеют студенты, поступающие на бюджетные места по очной форме, относящиеся к льготным категориям по закону об образовании (дети?сироты, дети?инвалиды и т. д.), а также участники и члены семей участников специальной военной операции. Для остальных мест устанавливаются квоты, и распределение проводится на конкурсной основе.",www.mirea.ru/upload/iblock/866/f4ygjcxtsal629tcumt0w29ctz01l20u/Prikaz-ob-izm.-v-poryadok-predostavleniya-mest-v-obshchezhitiyakh.pdf,Общежитие,TRUE
Какие документы нужны для заселения в общежитие МИРЭА?,"Для заселения необходимо предоставить медицинскую справку по форме 086/у, результаты анализов на ВИЧ и сифилис, флюорографию и полис медицинского страхования.",www.mirea.ru/upload/iblock/866/f4ygjcxtsal629tcumt0w29ctz01l20u/Prikaz-ob-izm.-v-poryadok-predostavleniya-mest-v-obshchezhitiyakh.pdf,Общежитие,TRUE
Какие причины могут стать основанием для отказа или выселения из общежития?,Основанием для отказа в предоставлении места или выселения являются систематические нарушения правил проживания или наличие академических задолженностей.,www.mirea.ru/upload/iblock/866/f4ygjcxtsal629tcumt0w29ctz01l20u/Prikaz-ob-izm.-v-poryadok-predostavleniya-mest-v-obshchezhitiyakh.pdf,Общежитие,TRUE
Когда начинается прием документов на программы бакалавриата и специалитета?,Приём документов на программы бакалавриата и специалитета начинается 20 июня.,www.mirea.ru/upload/iblock/191/449k7mij75gmvxgqaekm564yid6ruea9/Pravila_priyema_na_obuchenie_na_2025_2026_uchebnyy_god.pdf,Поступление,TRUE
"До какого срока принимают документы от поступающих, которые будут сдавать внутренние вступительные испытания?","Документы от поступающих, которым предстоит сдавать внутренние экзамены, принимаются до 15 июля для бюджета и до 16 августа для платной формы обучения.",www.mirea.ru/upload/iblock/191/449k7mij75gmvxgqaekm564yid6ruea9/Pravila_priyema_na_obuchenie_na_2025_2026_uchebnyy_god.pdf,Поступление,TRUE
Когда заканчивается прием документов для поступающих без вступительных испытаний?,"Для абитуриентов, поступающих без вступительных испытаний, приём документов заканчивается 25 июля при поступлении на бюджет и 22 августа при поступлении на платной основе.",www.mirea.ru/upload/iblock/191/449k7mij75gmvxgqaekm564yid6ruea9/Pravila_priyema_na_obuchenie_na_2025_2026_uchebnyy_god.pdf,Поступление,TRUE
Когда публикуются конкурсные списки абитуриентов?,Конкурсные списки публикуются не позднее 27 июля.,www.mirea.ru/upload/iblock/191/449k7mij75gmvxgqaekm564yid6ruea9/Pravila_priyema_na_obuchenie_na_2025_2026_uchebnyy_god.pdf,Поступление,TRUE
До какого времени нужно подать согласие на зачисление на первый этап?,Согласие на зачисление по приоритетному этапу следует подать до 12:00 по московскому времени 1 августа.,www.mirea.ru/upload/iblock/191/449k7mij75gmvxgqaekm564yid6ruea9/Pravila_priyema_na_obuchenie_na_2025_2026_uchebnyy_god.pdf,Поступление,TRUE
До какого числа подаётся согласие на зачисление на основной этап?,На основной этап поступления согласие на зачисление необходимо подать до 12:00 по московскому времени 5 августа.,www.mirea.ru/upload/iblock/191/449k7mij75gmvxgqaekm564yid6ruea9/Pravila_priyema_na_obuchenie_na_2025_2026_uchebnyy_god.pdf,Поступление,TRUE
Когда издают приказы о зачислении?,"Приказы о зачислении публикуются 2 августа (приоритетный этап), 5 августа (основной этап) и 11 августа (платная форма обучения).",www.mirea.ru/upload/iblock/191/449k7mij75gmvxgqaekm564yid6ruea9/Pravila_priyema_na_obuchenie_na_2025_2026_uchebnyy_god.pdf,Поступление,TRUE
Какие документы нужно предоставить для подачи заявления в МИРЭА?,"Необходимо предоставить паспорт (или иной документ, удостоверяющий личность и гражданство), документ об образовании, СНИЛС (если имеется), заявление на обработку персональных данных. При наличии предъявляются документы, подтверждающие льготы или индивидуальные достижения. Иностранный документ об образовании сопровождается свидетельством о признании.",www.mirea.ru/upload/iblock/191/449k7mij75gmvxgqaekm564yid6ruea9/Pravila_priyema_na_obuchenie_na_2025_2026_uchebnyy_god.pdf,Поступление,TRUE
Можно ли подавать документ об образовании после подачи заявления?,"Да, оригинал документа об образовании можно предоставить позже, но не позднее дня завершения приёма документов.",www.mirea.ru/upload/iblock/191/449k7mij75gmvxgqaekm564yid6ruea9/Pravila_priyema_na_obuchenie_na_2025_2026_uchebnyy_god.pdf,Поступление,TRUE
Какие категории абитуриентов пользуются особой квотой при поступлении?,"Правом поступления по особой квоте пользуются дети?сироты и дети, оставшиеся без попечения родителей, инвалиды, ветераны боевых действий и другие категории, предусмотренные законодательством.",www.mirea.ru/upload/iblock/191/449k7mij75gmvxgqaekm564yid6ruea9/Pravila_priyema_na_obuchenie_na_2025_2026_uchebnyy_god.pdf,Льготы и квоты,TRUE
Кто имеет право на отдельную квоту при поступлении в МИРЭА?,"Отдельная квота предоставляется Героям Российской Федерации, кавалерам трёх орденов Мужества, участникам и добровольцам специальной военной операции, лицам, прошедшим службу по мобилизации, а также детям участников операции. Они могут поступать без экзаменов на бюджетные места.",www.mirea.ru/upload/iblock/191/449k7mij75gmvxgqaekm564yid6ruea9/Pravila_priyema_na_obuchenie_na_2025_2026_uchebnyy_god.pdf,Льготы и квоты,TRUE
Сколько дополнительных баллов можно получить за индивидуальные достижения при поступлении?,Абитуриент может получить до 10 баллов за индивидуальные достижения при поступлении на программы бакалавриата и специалитета.,www.mirea.ru/upload/iblock/191/449k7mij75gmvxgqaekm564yid6ruea9/Pravila_priyema_na_obuchenie_na_2025_2026_uchebnyy_god.pdf,Поступление,TRUE
Нужно ли подтверждать индивидуальные достижения документами?,"Документы, подтверждающие индивидуальные достижения, необходимо предоставить в приёмную комиссию не позднее срока окончания приёма документов. За каждое достижение учитываются баллы только один раз.",www.mirea.ru/upload/iblock/191/449k7mij75gmvxgqaekm564yid6ruea9/Pravila_priyema_na_obuchenie_na_2025_2026_uchebnyy_god.pdf,Поступление,TRUE
Какие достижения учитываются при равенстве конкурсных баллов?,"При равенстве баллов приоритет отдаётся поступающим, которые отслужили по призыву, участвовали в олимпиадах или конкурсах МИРЭА, имеют сертификат Института довузовской подготовки, рекомендации детского технопарка «Альтаир» или являются детьми героев России.",www.mirea.ru/upload/iblock/191/449k7mij75gmvxgqaekm564yid6ruea9/Pravila_priyema_na_obuchenie_na_2025_2026_uchebnyy_god.pdf,Поступление,TRUE
Что такое целевое обучение и какие его преимущества?,"Целевое обучение предполагает заключение договора между студентом, университетом и будущим работодателем. Студент учится бесплатно, получает повышенную стипендию и может иметь дополнительные социальные льготы, например компенсацию за проезд, питание или жильё. Преимущество программы в гарантированном трудоустройстве после окончания обучения и в освоении востребованной профессии.",https://www.mirea.ru/news/minobrnauki-rossii-razyasnil-podrobnosti-postupleniya-na-tselevoe-obuchenie/,Льготы и квоты,TRUE
Как найти предложение о целевом обучении?,Предложения о целевом обучении можно найти на платформе «Работа в России» или выбрать подходящее предложение во время подачи заявления на поступление на портале Госуслуг.,https://www.mirea.ru/news/minobrnauki-rossii-razyasnil-podrobnosti-postupleniya-na-tselevoe-obuchenie/,Льготы и квоты,TRUE
Можно ли выбрать целевую квоту для нескольких программ?,Нет. На целевую квоту можно подать заявку только по одной образовательной программе.,https://www.mirea.ru/news/minobrnauki-rossii-razyasnil-podrobnosti-postupleniya-na-tselevoe-obuchenie/,Льготы и квоты,TRUE
Каковы сроки подачи документов на целевое обучение для программ бакалавриата и специалитета?,Документы для участия в целевом обучении на программах бакалавриата и специалитета принимаются с 20 июня по 25 июля.,https://www.mirea.ru/news/minobrnauki-rossii-razyasnil-podrobnosti-postupleniya-na-tselevoe-obuchenie/,Льготы и квоты,TRUE
Когда подаются документы на целевое обучение в магистратуре?,Для программ магистратуры заявления на целевое обучение принимаются с 20 июня по 20 августа в соответствии с правилами университета.,https://www.mirea.ru/news/minobrnauki-rossii-razyasnil-podrobnosti-postupleniya-na-tselevoe-obuchenie/,Льготы и квоты,TRUE
Какие шаги нужно выполнить после публикации приказа о зачислении по целевой квоте?,После выхода приказа о зачислении необходимо заключить договор о целевом обучении с работодателем (заказчиком) до начала учебного года. Договор можно подписать электронно через приложение «Госключ» или лично у заказчика.,https://www.mirea.ru/news/minobrnauki-rossii-razyasnil-podrobnosti-postupleniya-na-tselevoe-obuchenie/,Льготы и квоты,TRUE
Какие способы оплаты обучения предусмотрены в МИРЭА?,"Оплатить обучение можно через платёжные терминалы СДМ?банка в корпусах университета (комиссия не более 1 %, но не выше 500 рублей), с помощью QR?кодов через СберБанк Онлайн, ВТБ Онлайн и Тинькофф, а также через кассы университета или в любом банке.",https://www.mirea.ru/about/the-structure-of-the-university/administrative-structural-unit/management-of-paid-educational-services/oplata-obucheniya/,Оплата и бюджет/платка,TRUE
Какова комиссия при оплате обучения через СберБанк Онлайн?,"При оплате через СберБанк Онлайн комиссия составляет 1 % от суммы платежа, но не более 500 рублей.",https://www.mirea.ru/about/the-structure-of-the-university/administrative-structural-unit/management-of-paid-educational-services/oplata-obucheniya/,Оплата и бюджет/платка,TRUE
В каких корпусах МИРЭА можно оплатить обучение в кассе без комиссии?,"Оплату наличными принимают в кассах университета по адресам: проспект Вернадского, 78 и проспект Вернадского, 86. В кассе комиссия не взимается.",https://www.mirea.ru/about/the-structure-of-the-university/administrative-structural-unit/management-of-paid-educational-services/oplata-obucheniya/,Оплата и бюджет/платка,TRUE
Можно ли оплатить обучение через мобильный банк ВТБ и какова комиссия?,"Да, оплату можно провести с помощью QR?кода через мобильное приложение или веб?сайт ВТБ. Комиссия составляет 0,5 % от суммы, но не превышает 3 000 рублей.",https://www.mirea.ru/about/the-structure-of-the-university/administrative-structural-unit/management-of-paid-educational-services/oplata-obucheniya/,Оплата и бюджет/платка,TRUE
Предусмотрена ли комиссия при оплате обучения через Тинькофф Банк?,При оплате обучения через мобильное приложение или сайт Тинькофф Банка комиссия не взимается.,https://www.mirea.ru/about/the-structure-of-the-university/administrative-structural-unit/management-of-paid-educational-services/oplata-obucheniya/,Оплата и бюджет/платка,TRUE
Какие условия образовательного кредита с государственной поддержкой предлагает МИРЭА?,"Образовательный кредит оформляется под 3 % годовых; в период обучения оплачиваются только проценты, а основной долг гасится в течение 15 лет после окончания обучения. Кредит может быть выдан единовременно или частями на семестр или год.",https://www.mirea.ru/about/the-structure-of-the-university/administrative-structural-unit/management-of-paid-educational-services/obrazovatelnyy-kredit/,Оплата и бюджет/платка,TRUE
Кто может получить образовательный кредит и какие документы нужны?,"Кредит могут получить граждане России в возрасте от 14 до 75 лет; опыт работы не требуется. Для оформления нужно предоставить паспорт с регистрацией, договор на оказание платных образовательных услуг с МИРЭА, платёжный документ и заполнить заявление. Для заемщиков 14–18 лет дополнительно требуются паспорта родителей, свидетельство о рождении и их согласие.",https://www.mirea.ru/about/the-structure-of-the-university/administrative-structural-unit/management-of-paid-educational-services/obrazovatelnyy-kredit/,Оплата и бюджет/платка,TRUE
Как оплатить обучение в МИРЭА материнским капиталом?,"Для оплаты обучения материнским капиталом необходимо за два месяца до начала семестра подать заявку через портал Госуслуг (для федерального капитала) или обратиться в университет для оформления дополнительного соглашения (для регионального капитала). Потом документы передаются в орган соцзащиты, и после их одобрения оплата отражается в личном кабинете студента.",https://www.mirea.ru/about/the-structure-of-the-university/administrative-structural-unit/management-of-paid-educational-services/poryadok-oformleniya-dokumentov-dlya-oplaty-materinskim-kapitalom/,Оплата и бюджет/платка,TRUE
Какие базовые скидки предоставляет МИРЭА на обучение и кто может их получить?,"Базовая скидка (до 10 %) предоставляется абитуриентам, которые при поступлении на платное обучение подают оригинал документа об образовании и оплачивают первый взнос в установленный срок. Она может также предоставляться студентам из многодетных семей, студентам с инвалидностью или сиротам, а также выпускникам МИРЭА, поступающим на новую программу.",www.mirea.ru/upload/iblock/986/u5wmblzxye54svwz5xfye3ujkjk0p4rt/Polozhenie_ob_obosnovaniya_i_poryadke_snizheniya_stoimosti_POU.pdf,Оплата и бюджет/платка,TRUE
Кому предоставляется специальная скидка на обучение?,"Специальная скидка (до 20 %) предоставляется выпускникам базовых школ МИРЭА, Института довузовской подготовки, детского технопарка «Альтаир», колледжа программирования и кибербезопасности, сотрудникам университета и их родственникам, сотрудникам партнёрских предприятий и их родственникам, братьям и сёстрам студентов, участникам специальной военной операции и их детям, а также абитуриентам, заключившим договор о целевом обучении и многодетным семьям с пятью и более детьми.",www.mirea.ru/upload/iblock/986/u5wmblzxye54svwz5xfye3ujkjk0p4rt/Polozhenie_ob_obosnovaniya_i_poryadke_snizheniya_stoimosti_POU.pdf,Оплата и бюджет/платка,TRUE
Какие документы подтверждают право на получение скидки на обучение?,"Для получения скидки необходимо предоставить оригинал документа об образовании, справку о составе семьи для многодетных, удостоверение инвалидности или документы, подтверждающие статус сироты, предыдущий диплом МИРЭА или документ, подтверждающий связь с партнёрской организацией.",www.mirea.ru/upload/iblock/986/u5wmblzxye54svwz5xfye3ujkjk0p4rt/Polozhenie_ob_obosnovaniya_i_poryadke_snizheniya_stoimosti_POU.pdf,Оплата и бюджет/платка,TRUE
Как оформить рассрочку на оплату обучения в МИРЭА?,"Рассрочка предоставляется на один семестр и позволяет перенести сроки платежей по договору. Для её получения студент или плательщик должен обратиться в управление платных образовательных услуг не позднее чем за 14 дней до наступления срока оплаты, указав желаемый график платежей.",www.mirea.ru/upload/iblock/d6e/uvbycfeuq48yrg7lqbdnj5ckvlxy5e0t/Polozhenie_rassrochka_SPO.pdf,Оплата и бюджет/платка,TRUE
Кто может получить рассрочку и в каких случаях?,"Рассрочка предоставляется студентам платных программ без академических и дисциплинарных долгов, если у плательщика резко ухудшилось материальное положение (снижение дохода, изменение состава семьи, инвалидность, расходы на лечение) или произошли непредвиденные обстоятельства, в том числе связанные с участием в специальной военной операции.",www.mirea.ru/upload/iblock/d6e/uvbycfeuq48yrg7lqbdnj5ckvlxy5e0t/Polozhenie_rassrochka_SPO.pdf,Оплата и бюджет/платка,TRUE
Какие документы нужны для оформления рассрочки?,"К заявлению о рассрочке прилагают справки о доходах, документы о составе семьи, копии трудовой книжки, справки об инвалидности, справки об оплате медицинских услуг или другие документы, подтверждающие ухудшение финансового положения или непредвиденные обстоятельства.",www.mirea.ru/upload/iblock/d6e/uvbycfeuq48yrg7lqbdnj5ckvlxy5e0t/Polozhenie_rassrochka_SPO.pdf,Оплата и бюджет/платка,TRUE
Кто принимает решение о предоставлении рассрочки на оплату обучения?,"Заявка на рассрочку рассматривается руководителем института, а окончательное решение принимает проректор, курирующий платные образовательные услуги. Решение выносится в течение пяти рабочих дней.",www.mirea.ru/upload/iblock/d6e/uvbycfeuq48yrg7lqbdnj5ckvlxy5e0t/Polozhenie_rassrochka_SPO.pdf,Оплата и бюджет/платка,TRUE
Какие документы нужны для получения налогового вычета за обучение?,"Для налогового вычета нужно подготовить копию договора на обучение, выписку из лицензии и аккредитации, справку о факте обучения (заказать через личный кабинет студента) и платежные документы, подтверждающие оплату.",https://www.mirea.ru/about/the-structure-of-the-university/administrative-structural-unit/management-of-paid-educational-services/poryadok-oformleniya-dokumentov-na-nalogovyy-vychet/,Оплата и бюджет/платка,TRUE
Кто может запросить справку для налогового вычета за обучение?,"Справку может получить сам налогоплательщик, родитель или опекун/попечитель студента, брат, сестра или супруг. Если плательщик не относится к этим категориям, справка не выдаётся.",https://www.mirea.ru/about/the-structure-of-the-university/administrative-structural-unit/management-of-paid-educational-services/poryadok-oformleniya-dokumentov-na-nalogovyy-vychet/,Оплата и бюджет/платка,TRUE
Как получить справку для налогового вычета?,"Нужно подать заявление через личный кабинет студента, приложив сканы договора и паспорта. Справка готовится в течение 30 календарных дней, после чего её можно получить в бухгалтерии или заказать электронную копию.",https://www.mirea.ru/about/the-structure-of-the-university/administrative-structural-unit/management-of-paid-educational-services/poryadok-oformleniya-dokumentov-na-nalogovyy-vychet/,Оплата и бюджет/платка,TRUE
Какие виды стипендий получают студенты МИРЭА?,"Студенты очной бюджетной формы могут получать государственную академическую стипендию, именную стипендию университета или государственные социальные стипендии. Также существуют повышенные стипендии и материальная помощь.",https://www.mirea.ru/about/social-security/,Оплата и бюджет/платка,TRUE
Сколько составляет государственная академическая стипендия для первокурсников?,Для студентов первого курса государственная академическая стипендия составляет 2 400 рублей в месяц.,https://www.mirea.ru/about/social-security/,Оплата и бюджет/платка,TRUE
Как начисляется повышенная государственная академическая стипендия?,"Повышенная академическая стипендия назначается студентам с отличной или хорошей успеваемостью и составляет 5 300 рублей для отличников и 3 900 рублей для тех, кто учится на четвёрки и пятёрки.",https://www.mirea.ru/about/social-security/,Оплата и бюджет/платка,TRUE
Кому выплачивается государственная социальная стипендия?,"Социальная стипендия выплачивается детям?сиротам, инвалидам, студентам, пострадавшим от радиационных аварий, получившим ранения при исполнении служебных обязанностей, и лицам, которым назначена государственная социальная поддержка.",https://www.mirea.ru/about/social-security/,Льготы и квоты,TRUE
Как получить материальную помощь студентам МИРЭА?,"Студенты могут подать заявление на материальную помощь в личном кабинете, приложив документы, подтверждающие право на льготы. Комиссия рассматривает заявку, и помощь выплачивается один раз в семестр.",https://www.mirea.ru/about/social-security/,Оплата и бюджет/платка,TRUE
Как оформить московскую социальную карту студента?,"Для получения социальной карты студент должен дать согласие на обработку персональных данных в своём кабинете, дождаться появления данных о зачислении, затем подать заявление через портал mos.ru и забрать карту в центре «Мои документы».",https://www.mirea.ru/about/social-security/,Льготы и квоты,TRUE
"Где расположен корпус МИРЭА по адресу проспект Вернадского, 78 и как до него добраться?","Корпус на проспекте Вернадского, 78 находится рядом с метро «Юго?Западная». На метро нужно выйти из последнего вагона из центра, далее пешком 7–10 минут. ",https://www.mirea.ru/contacts/address/,Другое,TRUE
"Как найти корпус на проспекте Вернадского, 86?","Корпус МИРЭА на проспекте Вернадского, 86 расположен недалеко от метро «Юго?Западная». Выйдите из последнего вагона из центра, затем пройдите пешком около 10 минут.",https://www.mirea.ru/contacts/address/,Другое,TRUE
"Где находится корпус на улице Стромынка, 20, и как туда добраться?","Корпус на ул. Стромынка, 20 расположен недалеко от метро «Сокольники». Из метро нужно идти по улице Стромынка примерно 10–12 минут. Работа офиса: понедельник – суббота, с 8:00 до 22:00.",https://www.mirea.ru/contacts/address/,Другое,TRUE
Какие филиалы МИРЭА имеются за пределами Москвы?,"Университет имеет филиалы в Ставрополе (ул. Доваторцев, 65, режим работы с 8:30 до 17:00) и Фрязино (ул. Вокзальная, д. 9, режим работы с 8:30 до 17:00).",https://www.mirea.ru/contacts/address/,Другое,TRUE
Чему обучают в Колледже программирования и кибербезопасности МИРЭА?,"Колледж готовит средних специалистов по востребованным направлениям: программирование, сетевое и системное администрирование, информационная безопасность телекоммуникационных и автоматизированных систем, а также производство и эксплуатация оптических и оптоэлектронных устройств.",https://www.mirea.ru/education/college/about-college/,Направления и программы,TRUE
Какие лаборатории и оборудование доступны в колледже программирования и кибербезопасности?,"Колледж оснащён современными лабораториями: сетевыми аудиториями Cisco, Samsung IT?школой, лабораториями информационной безопасности и оптических систем. Это позволяет студентам работать на оборудовании, аналогичном применяемому в индустрии.",https://www.mirea.ru/education/college/about-college/,Направления и программы,TRUE
Кто преподает в колледже программирования и кибербезопасности?,"В колледже работают опытные преподаватели, среди которых преподаватели высшей и первой квалификационных категорий и преподаватели с учёными степенями; многие являются экспертами WorldSkills.",https://www.mirea.ru/education/college/about-college/,Направления и программы,TRUE
Какие стипендии могут получать студенты колледжа?,"Студентам колледжа предоставляется государственная академическая стипендия за хорошую успеваемость, а также социальные стипендии для сирот, инвалидов и льготных категорий. Кроме того, предусмотрена единовременная материальная помощь студентам, оказавшимся в трудной жизненной ситуации.",https://www.mirea.ru/education/college/about-college/,Льготы и квоты,TRUE
Можно ли выпускникам колледжа продолжить обучение в университете?,Да. Выпускники колледжа получают государственный диплом о среднем профессиональном образовании и могут продолжить обучение в университете или сразу приступить к работе по специальности.,https://www.mirea.ru/education/college/about-college/,Направления и программы,TRUE
Какие направления колледжа входят в список наиболее востребованных профессий?,"С 2017 года колледж реализует программы, включённые в список ТОП?50 наиболее востребованных и перспективных профессий: это сетевое и системное администрирование, программирование, информационная безопасность, производство и эксплуатация оптических систем.",https://www.mirea.ru/education/college/about-college/,Направления и программы,TRUE
Что дают свидетельство об окончании курсов при Институте довузовской подготовки МИРЭА?,"Выпускники курсов могут получить дополнительные баллы к сумме конкурсных баллов, льготы при поступлении и скидку на платное обучение в университете. Эти преимущества действуют только при поступлении в МИРЭА.",,Поступление,FALSE
Гарантирует ли окончание курсов МИРЭА поступление на бюджет?,"Нет. Курсы не дают гарантии поступления на бюджетные места. Свидетельство об окончании даёт те же льготы и скидки при поступлении, что и сертификат студента курсов.",,Поступление,FALSE
Есть ли дистанционные программы подготовки к ЕГЭ в МИРЭА?,"Да. Шестимесячные дистанционные программы по математике, информатике и русскому языку проводятся в формате онлайн. Остальные программы проходят очно.",,Поступление,FALSE
Где проводятся занятия по программам Института довузовской подготовки?,"Занятия проходят на разных площадках: занятия в малых группах — на Малой Пироговской, 1; восьмимесячные программы — на проспекте Вернадского, 78 и улице Стромынка, 20; подготовка к творческому экзамену — на 5?й Соколиной Горе, 22; другие программы — в корпусе на проспекте Вернадского, 78.",,Поступление,FALSE
Кто ведёт занятия на довузовских курсах МИРЭА?,"Занятия проводят преподаватели МИРЭА и приглашённые специалисты, многие из которых являются экспертами ЕГЭ и входят в состав предметных комиссий.",,Поступление,FALSE
Для кого предназначены подготовительные курсы МИРЭА?,"Курсы предназначены для подготовки к ЕГЭ и ОГЭ и доступны любому желающему, независимо от места обучения и формы образования.",,Поступление,FALSE
Есть ли в МИРЭА программы для абитуриентов с инвалидностью?,"Для студентов с ограниченными возможностями здоровья сформированы инклюзивные группы, занятия проводятся в корпусах, доступных для лиц с инвалидностью. Тем, кому трудно ездить на занятия, рекомендуют выбирать дистанционные программы.",,Льготы и квоты,FALSE
Почему студентам колледжей стоит записаться на подготовительные курсы МИРЭА?,"С 2018 года правила приёма в вуз требуют сдачи ЕГЭ или профессионального вступительного испытания. Подготовительные курсы помогают актуализировать знания, что особенно важно для выпускников колледжей, поскольку программы колледжей отличаются от школьных.",,Поступление,FALSE
Есть ли бесплатные подготовительные программы МИРЭА?,"Нет. В МИРЭА все довузовские программы платные. Некоторые университеты в России выделяют бесплатные места, но МИРЭА таких мест не предоставляет.",,Поступление,FALSE
Можно ли посетить пробное занятие на довузовских курсах?,Пробных занятий в МИРЭА нет. В расписании можно посмотреть темы всех занятий заранее.,,Поступление,FALSE
С какого класса лучше записываться на курсы МИРЭА?,"Для физико?математической школы и занятий в малых группах рекомендуют начинать с 9 класса, а годовые программы лучше посещать в 11 классе.",,Поступление,FALSE
Как родители могут узнать об успеваемости ребёнка на курсах?,Информацию о посещаемости и успеваемости ребёнка можно получить по телефону приемной Института довузовской подготовки или написать на электронную почту dovuz@mirea.ru.,,Поступление,FALSE
Как записаться на подготовительные курсы МИРЭА?,"Необходимо заполнить онлайн?заявку на сайте, затем скачать и заполнить заявление в формате Word, отправить его на указанный адрес электронной почты, дождаться подтверждения о свободных местах и подписать договор на обучение.",,Поступление,FALSE
Могут ли иностранные граждане обучаться на подготовительных курсах МИРЭА?,"Да, участие иностранцев допускается при условии, что они предоставят нотариально заверенный перевод паспорта и владеют русским языком на достаточном уровне.",,Иностранные абитуриенты,FALSE
"Кто должен подписывать договор на обучение, если будущему слушателю нет 18 лет?","Если слушателю ещё нет 18 лет, договор подписывает его законный представитель либо другое взрослое лицо. Для заключения договора потребуются паспорта сторон и две фотографии 3?4.",,Поступление,FALSE
"Как понять, что заявка на курсы принята?","После отправки заявки на электронную почту придёт автоматическое подтверждение с адреса dovuz@mirea.ru, в котором будет указан номер заявки. Это и является подтверждением её получения.",,Поступление,FALSE
Кто может оплачивать обучение на курсах?,"Плательщиком по договору может выступать любой совершеннолетний человек, но получить налоговый вычет смогут только законные представители слушателя.",,Оплата и бюджет/платка,FALSE
Нужно ли иметь московскую прописку для заключения договора на курсы?,"Нет, московская регистрация не требуется. Достаточно указать фактический адрес проживания и предоставлять оригинал паспорта при подписании договора.",,Другое,FALSE
Можно ли присоединиться к группе после начала занятий?,"Нет, присоединиться к уже начавшейся группе нельзя. Рекомендуется выбирать курс заранее и оставлять заявку до начала набора.",,Поступление,FALSE
"Что происходит, если курсы оплачены, но места закончились?","Оставление заявки не гарантирует зачисления: если группа набрана, вам могут вернуть деньги или предложить другое направление. Зачисление происходит только после оплаты и подтверждения наличия свободных мест.",,Поступление,FALSE
Какие существуют скидки на довузовские курсы?,Скидки предоставляются учащимся 2–3 курса физико?математической школы и при покупке пакетов нескольких предметов. Сертификат об окончании курсов дает максимальную скидку на обучение на платной основе в МИРЭА.,,Оплата и бюджет/платка,FALSE
Будет ли меняться стоимость курсов в течение учебного года?,"Стоимость курсов утверждается в марте–мае и остается фиксированной на весь учебный год, независимо от числа учебных групп и стоимости обучения в университете.",,Оплата и бюджет/платка,FALSE
Компенсируются ли пропущенные занятия на курсах?,"Пропущенные занятия не компенсируются вне зависимости от причины отсутствия. Студенты получают доступ к материалам курсов, но деньги за пропуск не возвращаются.",,Другое,FALSE
Как оплачивать обучение на восьмимесячных программах?,"Для восьмимесячных программ предусмотрена поэтапная оплата: сначала платится за первый семестр, затем, после подписания дополнительного соглашения, за второй семестр.",,Оплата и бюджет/платка,FALSE
"Можно ли вернуть деньги за обучение, если передумал посещать курсы?","Если курсы оплачены, но вы передумали до начала занятий, можно расторгнуть договор и получить полную компенсацию. После начала курса возврат возможен только частично: размер возврата рассчитывается в зависимости от количества прошедших месяцев.",,Оплата и бюджет/платка,FALSE
Кто имеет право на налоговый вычет за оплату довузовских курсов?,"Налоговый вычет в размере 13 % может получить только родитель или законный представитель, оплачивающий обучение ребёнка. Для оформления вычета нужно обратиться на портал Госуслуг.",,Оплата и бюджет/платка,FALSE
Какие способы оплаты доступны для довузовских курсов?,"Оплатить обучение можно наличными в кассе университета, по QR?коду через интернет?банк, в любом банке или через мобильное приложение. Для оформления оплаты материнским капиталом нужно заключить договор с владельцем сертификата и оформить заявку на портале Госуслуг.",,Оплата и бюджет/платка,FALSE
Где и когда проходят дни открытых дверей для абитуриентов МИРЭА?,"У Института довузовской подготовки нет отдельного дня открытых дверей. Абитуриенты могут посещать дни открытых дверей университета и календарь мероприятий, опубликованный на сайте.",,Другое,FALSE
Где узнать о переводе или восстановлении в МИРЭА?,Информация о переводе из других вузов или восстановлении после отчисления размещена на сайте приёмной комиссии МИРЭА.,,Перевод и восстановление,FALSE
Где можно посмотреть перечень вступительных испытаний для разных направлений?,Перечень вступительных испытаний доступен в «Гиде по специальностям» на сайте приёмной комиссии.,,Поступление,FALSE
Какие олимпиады учитываются при поступлении в МИРЭА?,Более 100 олимпиад дают льготы при поступлении: победители и призёры получают дополнительные баллы или право поступления без экзаменов. Подробный список размещён в «Гиде по олимпиадам».,,Поступление,FALSE
Где узнать минимальные баллы ЕГЭ для поступления?,"Минимальные баллы ЕГЭ, необходимые для подачи документов, опубликованы на сайте приемной комиссии МИРЭА.",,Поступление,FALSE
"Могу ли я поступать, если не набрал минимальные баллы по математике?","Для некоторых программ математика не является обязательным предметом. Если для выбранной специальности она не требуется, вы можете подать документы при условии, что набрали минимальные баллы по другим предметам.",,Поступление,FALSE
Где ознакомиться с порядком зачисления в МИРЭА?,Порядок зачисления для бакалавриата и специалитета подробно изложен на сайте приёмной комиссии.,,Поступление,FALSE
Для каких программ предусмотрены внутренние вступительные испытания?,Внутренние вступительные испытания проводятся только для направлений «Дизайн» и «Технология художественной обработки материалов». С подробностями можно ознакомиться на сайте приёмной комиссии.,,Поступление,FALSE
"Можно ли перевестись в МИРЭА, имея академические задолженности?",Возможность перевода с академической задолженностью рассматривается индивидуально. Важно ознакомиться с правилами перевода и наличием свободных мест на соответствующей странице сайта.,,Перевод и восстановление,FALSE
Можно ли получить скидку на обучение в течение всего периода обучения?,"Да, при заключении договора на платное обучение сразу после подачи документов можно получить скидку на весь период обучения. Выпускники довузовских программ получают максимальную скидку, а студенты, поступающие на платное место, могут в дальнейшем перевестись на бюджет при наличии мест.",,Оплата и бюджет/платка,FALSE
Какая скидка предусмотрена для участников СВО и их детей при поступлении в магистратуру?,Для участников специальной военной операции и их детей предоставляется специальная скидка при поступлении на магистерские программы.,www.mirea.ru/upload/iblock/986/u5wmblzxye54svwz5xfye3ujkjk0p4rt/Polozhenie_ob_obosnovaniya_i_poryadke_snizheniya_stoimosti_POU.pdf,Льготы и квоты,TRUE
Какие сроки подачи документов на целевую квоту для ординатуры?,"Для ординатуры заявка и документы на участие в целевой квоте принимаются с 1 июля в сроки, установленные университетом; они могут быть продлены, и конкретные даты публикуются на сайте вуза.",,Льготы и квоты,TRUE
Как заключить договор о целевом обучении после прохождения конкурса в ординатуре?,"После успешного прохождения конкурсного отбора на целевое обучение в ординатуре необходимо предоставить оригинал диплома в приемную комиссию, дождаться приказа о зачислении и заключить договор с заказчиком до начала учебного года.",,Льготы и квоты,TRUE
Может ли университет отказать в приеме заявления через портал Госуслуг?,"Если университет подключен к сервису «Поступление в вуз онлайн», он обязан рассмотреть заявление. Если вуз не подключён, подать заявление можно через сайт вуза или лично.",https://www.gosuslugi.ru/vuzonline,Поступление,FALSE
"Как изменить или отменить заявление, поданное через Госуслуги?","Для редактирования или отмены заявления откройте страницу заявлений в личном кабинете. Там можно изменить отдельные блоки и вновь отправить заявление или удалить выбранное учреждение. Если заявление уже включено в приказ о зачислении, отменить его можно только через приёмную комиссию.",https://www.gosuslugi.ru/vuzonline,Поступление,FALSE
"Как подать документы, если я подаю заявление через портал Госуслуг?","Данные о документе об образовании, индивидуальных достижениях и льготах можно запросить через цифровой профиль на Госуслугах. Если какие?то сведения не подтягиваются, нужно загрузить сканы документов вручную или предоставить их лично.",https://www.gosuslugi.ru/vuzonline,Поступление,FALSE
Как узнать статус заявления на поступление через Госуслуги?,"В личном кабинете на Госуслугах можно просматривать статусы заявления. Зелёный цвет означает одобрение, красный — отказ, жёлтый — необходимость предоставить дополнительную информацию. При смене статуса приходят уведомления.",https://www.gosuslugi.ru/vuzonline,Поступление,FALSE
"Что делать, если результаты ЕГЭ не загрузились в заявление на Госуслугах?","Можно подать заявление без результатов: приёмная комиссия самостоятельно подтвердит данные. Причиной проблем могут быть неверно указанный СНИЛС, ошибки при внесении данных или иностранный диплом, в этом случае нужно уточнить данные.",https://www.gosuslugi.ru/vuzonline,Поступление,FALSE
Почему мой документ об образовании не подтверждается на Госуслугах?,"Если документ об образовании не проходит проверку, нужно проверить корректность введённых данных и при необходимости предоставить оригинал документа или дополнительные сведения, о которых попросит приёмная комиссия.",https://www.gosuslugi.ru/vuzonline,Поступление,FALSE
Как подать согласие на зачисление через Госуслуги?,"Согласие можно подать в личном кабинете на Госуслугах, а также лично или по почте. Для бюджетного приёма согласие необходимо оформить до 12:00 1 августа (для тех, кто сдает внутренние испытания) или до 5 августа (для основного этапа).",https://www.gosuslugi.ru/vuzonline,Поступление,FALSE
Нужна ли справка о состоянии здоровья при подаче документов через Госуслуги?,Для некоторых специальностей требуется медицинская справка по форме 086/у. Её можно загрузить в личном кабинете вместе с документами или предоставить при подаче оригиналов.,https://www.gosuslugi.ru/vuzonline,Поступление,FALSE
Когда публикуются списки поданных документов и конкурсные списки на Госуслугах?,Списки абитуриентов видны сразу после отправки заявления. Конкурсные списки по бюджетным программам появляются 27 июля.,https://www.gosuslugi.ru/vuzonline,Поступление,FALSE
"Что делать, если расписание экзаменов на Госуслугах отличается от информации на сайте вуза?","Если расписание в вашем личном кабинете не совпадает с информацией на сайте вуза, это может быть ошибка или задержка обновления. В этом случае необходимо уточнить точное расписание на сайте университета или связаться с приёмной комиссией.",https://www.gosuslugi.ru/vuzonline,Поступление,FALSE
"Как получить налоговый вычет за обучение, оформив заявку через Госуслуги?","Налоговый вычет снижает сумму налогооблагаемого дохода. Его можно оформить, подав декларацию 3?НДФЛ, через работодателя или с помощью сервиса в личном кабинете налогоплательщика ФНС России. Вычет доступен для оплаты своего обучения, обучения детей, братьев и сестёр и, начиная с 2024 года, обучения супругов.",https://www.gosuslugi.ru/vuzonline,Оплата и бюджет/платка,FALSE
"Куда обращаться, если возникают ошибки при подаче заявления через Госуслуги?","Если возникла ошибка в мобильном приложении Госуслуг, попробуйте отправить заявление через браузер, очистить кэш и повторить отправку. Если проблема остаётся, обратитесь в службу технической поддержки или по телефону горячей линии 8?800?100?20?17.",https://www.gosuslugi.ru/vuzonline,Поступление,FALSE
